NAME,households,median_income,mean_income
"Acalanes Ridge CDP, California",432,161806,163813
"Acampo CDP, California",109,24446,48714
"Acton CDP, California",2518,109632,130356
"Adelanto city, California",8451,58040,66318
"Adin CDP, California",82,37600,38798
"Agoura Hills city, California",7314,141099,194167
"Agua Dulce CDP, California",1091,104014,135505
"Aguanga CDP, California",274,-,137842
"Ahwahnee CDP, California",849,76161,90958
"Airport CDP, California",362,24500,37199
"Alameda city, California",30500,113339,152950
"Alamo CDP, California",4973,"250,000+",332932
"Albany city, California",7586,113602,151231
"Albion CDP, California",71,-,97545
"Alderpoint CDP, California",45,-,N
"Alhambra city, California",30057,73035,93467
"Alhambra Valley CDP, California",310,159079,194542
"Aliso Viejo city, California",18999,122320,144493
"Alleghany CDP, California",55,-,N
"Allendale CDP, California",602,118810,143910
"Allensworth CDP, California",117,48906,47268
"Almanor CDP, California",0,-,-
"Alondra Park CDP, California",2715,69534,92078
"Alpaugh CDP, California",213,25313,40172
"Alpine CDP, California",5419,103503,134624
"Alpine Village CDP, California",76,80500,119734
"Alta CDP, California",273,82454,172233
"Altadena CDP, California",14789,109743,154430
"Alta Sierra CDP (Kern County), California",26,-,N
"Alta Sierra CDP (Nevada County), California",2816,102449,113060
"Alto CDP, California",356,185000,215842
"Alturas city, California",1159,50843,58701
"Alum Rock CDP, California",2892,110833,121488
"Amador City city, California",80,58000,95630
"Amador Pines CDP, California",479,93625,149797
"American Canyon city, California",5540,117846,140821
"Amesti CDP, California",846,94531,119556
"Anaheim city, California",103570,81806,103011
"Anchor Bay CDP, California",206,61786,75999
"Anderson city, California",4577,40954,55547
"Angels city, California",1596,49896,73329
"Angwin CDP, California",787,119583,129897
"Antelope CDP, California",15089,86221,98385
"Antioch city, California",35742,82244,103141
"Anza CDP, California",758,48686,74371
"Apple Valley town, California",24427,61758,82589
"Aptos CDP, California",2621,116583,154143
"Aptos Hills-Larkin Valley CDP, California",703,136709,140333
"Arbuckle CDP, California",744,73614,84649
"Arcadia city, California",19189,99588,135289
"Arcata city, California",7081,39069,62147
"Arden-Arcade CDP, California",39079,56805,91402
"Armona CDP, California",1083,53361,68314
"Arnold CDP, California",1019,68558,114144
"Aromas CDP, California",882,165000,176670
"Arroyo Grande city, California",7376,90405,105639
"Artesia city, California",4417,83321,97248
"Artois CDP, California",58,48750,61972
"Arvin city, California",4444,42961,54075
"Ashland CDP, California",7575,71002,90052
"Aspen Springs CDP, California",65,114671,113543
"Atascadero city, California",11733,82777,105941
"Atherton town, California",2244,"250,000+",539944
"Atwater city, California",10309,59436,72260
"Auberry CDP, California",1245,65341,83680
"Auburn city, California",6236,72409,102875
"Auburn Lake Trails CDP, California",1516,113663,120590
"August CDP, California",2410,43857,66827
"Avalon city, California",1501,78221,92890
"Avenal city, California",3036,52080,58741
"Avery CDP, California",122,-,96243
"Avila Beach CDP, California",794,113704,195771
"Avocado Heights CDP, California",3602,90398,108221
"Azusa city, California",13384,74043,93039
"Baker CDP, California",221,28933,46247
"Bakersfield city, California",123334,69014,89574
"Bakersfield Country Club CDP, California",542,98125,170915
"Baldwin Park city, California",17555,72554,87473
"Ballard CDP, California",295,104306,187009
"Ballico CDP, California",148,153056,184952
"Bangor CDP, California",179,88047,113147
"Banning city, California",10912,46834,64635
"Barstow city, California",8543,48219,60172
"Bass Lake CDP, California",139,110875,180377
"Bay Point CDP, California",6542,71250,95481
"Bayview CDP (Contra Costa County), California",826,113810,120357
"Bayview CDP (Humboldt County), California",1031,42292,94112
"Baywood Park CDP, California",571,203750,291595
"Beale AFB CDP, California",335,52552,70768
"Bear Creek CDP, California",29,70972,65976
"Bear Valley CDP (Alpine County), California",48,-,104948
"Bear Valley CDP (Mariposa County), California",27,-,97993
"Bear Valley Springs CDP, California",2291,89281,113986
"Beaumont city, California",15610,92797,104306
"Beckwourth CDP, California",130,233667,181985
"Belden CDP, California",0,-,-
"Bell city, California",8775,51183,63209
"Bella Vista CDP, California",1341,80337,114114
"Bell Canyon CDP, California",553,216781,305746
"Bellflower city, California",24018,70236,84993
"Bell Gardens city, California",9330,50311,60693
"Belmont city, California",10961,178125,221715
"Belvedere city, California",900,246500,389540
"Benbow CDP, California",93,38458,63122
"Bend CDP, California",151,-,133181
"Benicia city, California",10844,118433,139472
"Ben Lomond CDP, California",2700,104107,140747
"Benton CDP, California",101,57951,58686
"Benton Park CDP, California",1545,52658,59810
"Berkeley city, California",44195,97834,144355
"Bermuda Dunes CDP, California",2821,71573,93498
"Berry Creek CDP, California",525,39955,53217
"Bertsch-Oceanview CDP, California",823,59931,73513
"Bethel Island CDP, California",864,80227,97448
"Beverly Hills city, California",14401,103944,204174
"Bieber CDP, California",69,43393,70352
"Big Bear City CDP, California",5318,57147,69822
"Big Bear Lake city, California",2136,65441,99096
"Big Bend CDP, California",50,25625,38944
"Big Creek CDP, California",39,-,82659
"Biggs city, California",752,70435,79128
"Big Lagoon CDP, California",73,46484,62048
"Big Pine CDP, California",652,54167,75096
"Big River CDP, California",540,46026,57182
"Biola CDP, California",307,57411,59670
"Bishop city, California",2056,71927,74654
"Blackhawk CDP, California",3992,210313,296809
"Blacklake CDP, California",382,115326,110942
"Black Point-Green Point CDP, California",617,211726,227556
"Blairsden CDP, California",0,-,-
"Bloomfield CDP, California",88,120625,113515
"Bloomington CDP, California",5675,68628,78116
"Blue Lake city, California",487,46705,65700
"Bluewater CDP, California",59,-,77085
"Blythe city, California",3945,49235,66257
"Bodega CDP, California",154,-,162623
"Bodega Bay CDP, California",466,-,134613
"Bodfish CDP, California",969,23061,39346
"Bolinas CDP, California",551,87404,148285
"Bombay Beach CDP, California",91,23984,30287
"Bonadelle Ranchos CDP, California",1598,102381,110898
"Bonita CDP, California",4506,104694,137670
"Bonny Doon CDP, California",1027,120170,185119
"Bonsall CDP, California",1702,86442,120967
"Boonville CDP, California",356,45357,75631
"Bootjack CDP, California",223,-,83016
"Boron CDP, California",921,54063,71627
"Boronda CDP, California",432,-,78076
"Borrego Springs CDP, California",1156,103390,109833
"Bostonia CDP, California",5791,66407,83897
"Boulder Creek CDP, California",2062,101207,123348
"Boulevard CDP, California",214,-,47094
"Bowles CDP, California",49,-,74833
"Boyes Hot Springs CDP, California",2689,79861,108717
"Bradbury city, California",267,171964,409259
"Bradley CDP, California",31,63750,61800
"Brawley city, California",7283,50964,68734
"Brea city, California",16584,108721,133233
"Brentwood city, California",20509,125152,148064
"Bret Harte CDP, California",1216,32375,43381
"Bridgeport CDP, California",170,87981,73475
"Brisbane city, California",1997,122202,228299
"Broadmoor CDP, California",1369,143465,170664
"Brookdale CDP, California",638,74026,121127
"Brooks CDP, California",0,-,-
"Brooktrails CDP, California",1509,88295,85348
"Buckhorn CDP, California",1158,66055,72428
"Buck Meadows CDP, California",0,-,-
"Bucks Lake CDP, California",21,-,N
"Buellton city, California",1923,107614,119846
"Buena Park city, California",24074,90503,108185
"Buena Vista CDP, California",248,58417,60690
"Burbank city, California",43357,82246,116113
"Burbank CDP, California",1960,120556,153036
"Burlingame city, California",12418,150182,207435
"Burney CDP, California",1128,58443,69560
"Burnt Ranch CDP, California",93,50074,45074
"Butte Creek Canyon CDP, California",266,73409,107621
"Butte Meadows CDP, California",0,-,-
"Butte Valley CDP, California",528,83829,85982
"Buttonwillow CDP, California",317,39844,49746
"Byron CDP, California",550,83472,102857
"Bystrom CDP, California",1175,36102,43316
"Cabazon CDP, California",767,65952,74755
"Calabasas city, California",8936,132838,224208
"Calexico city, California",8994,47390,67984
"California City city, California",4512,44733,68666
"California Hot Springs CDP, California",13,-,N
"California Pines CDP, California",159,36484,47962
"California Polytechnic State University CDP, California",48,117083,143104
"Calimesa city, California",3653,67835,83652
"Calipatria city, California",945,39217,42913
"Calistoga city, California",2061,72861,137026
"Callender CDP, California",804,128235,139118
"Calpella CDP, California",189,89250,132687
"Calpine CDP, California",49,97031,128669
"Calwa CDP, California",497,50189,50551
"Camanche North Shore CDP, California",382,53306,56467
"Camanche Village CDP, California",583,139015,130921
"Camarillo city, California",25673,102789,130976
"Cambria CDP, California",2739,87744,103451
"Cambrian Park CDP, California",1258,222857,278400
"Cameron Park CDP, California",7449,82429,106126
"Camino CDP, California",786,127721,142534
"Camino Tassajara CDP, California",1699,"250,000+",345850
"Campbell city, California",17346,130171,172607
"Camp Nelson CDP, California",0,-,-
"Campo CDP, California",947,65504,84946
"Camp Pendleton Mainside CDP, California",1207,52208,61617
"Camp Pendleton South CDP, California",4339,58243,64236
"Camptonville CDP, California",78,102593,87556
"Canby CDP, California",19,-,N
"Cantua Creek CDP, California",115,36139,34910
"Canyondam CDP, California",0,-,-
"Canyon Lake city, California",3979,120118,134188
"Capitola city, California",4656,83726,117345
"Caribou CDP, California",0,-,-
"Carlsbad city, California",44350,119302,157427
"Carmel-by-the-Sea city, California",1601,100365,164716
"Carmel Valley Village CDP, California",1830,142222,187553
"Carmet CDP, California",8,-,N
"Carmichael CDP, California",31033,74184,102569
"Carnelian Bay CDP, California",295,122375,132480
"Carpinteria city, California",4958,78349,117278
"Carrick CDP, California",67,-,N
"Carson city, California",26095,92548,110851
"Cartago CDP, California",36,68553,58097
"Caruthers CDP, California",613,58309,68209
"Casa Conejo CDP, California",903,117639,128510
"Casa de Oro-Mount Helix CDP, California",6914,102454,127386
"Casa Loma CDP, California",546,38324,42103
"Casmalia CDP, California",37,-,41322
"Caspar CDP, California",103,137850,214669
"Cassel CDP, California",97,-,50680
"Castaic CDP, California",5656,127344,143926
"Castella CDP, California",118,47500,61918
"Castle Hill CDP, California",330,215625,243233
"Castro Valley CDP, California",22467,124203,149018
"Castroville CDP, California",1479,69620,74884
"Cathedral City city, California",18827,56671,78863
"Catheys Valley CDP, California",358,56875,71100
"Cayucos CDP, California",1138,77963,92072
"Cazadero CDP, California",139,64792,80159
"Cedar Flat CDP, California",390,93000,153611
"Cedar Ridge CDP, California",566,64474,82892
"Cedar Slope CDP, California",0,-,-
"Cedarville CDP, California",306,42875,52810
"Centerville CDP (Fresno County), California",56,-,75066
"Centerville CDP (Shasta County), California",767,102969,141214
"Ceres city, California",13512,64153,75625
"Cerritos city, California",15582,115600,143444
"Chalfant CDP, California",309,66250,63793
"Challenge-Brownsville CDP, California",482,77375,68784
"Channel Islands Beach CDP, California",1045,93893,123958
"Charleston View CDP, California",0,-,-
"Charter Oak CDP, California",3226,77637,98808
"Cherokee CDP, California",57,-,74788
"Cherokee Strip CDP, California",58,30469,26597
"Cherryland CDP, California",4769,75470,89409
"Cherry Valley CDP, California",2758,77273,101220
"Chester CDP, California",996,59459,85057
"Chico city, California",41787,60507,82982
"Chilcoot-Vinton CDP, California",140,-,69286
"China Lake Acres CDP, California",843,62532,113380
"Chinese Camp CDP, California",42,-,N
"Chino city, California",24753,91107,105496
"Chino Hills city, California",24922,109285,132727
"Choctaw Valley CDP, California",48,86146,91317
"Chowchilla city, California",3329,60875,74103
"Chualar CDP, California",242,-,87596
"Chula Vista city, California",82354,92913,112354
"Citrus CDP, California",2659,84279,92277
"Citrus Heights city, California",33333,68457,86515
"Claremont city, California",12172,111937,146282
"Clarksburg CDP, California",154,-,140264
"Clay CDP, California",389,108789,114956
"Clayton city, California",3986,150948,188460
"Clear Creek CDP, California",135,43486,52590
"Clearlake city, California",6002,37783,50410
"Clearlake Oaks CDP, California",1046,48221,79784
"Clearlake Riviera CDP, California",1288,74837,122371
"Cleone CDP, California",348,86100,95658
"Clio CDP, California",74,31250,39481
"Clipper Mills CDP, California",105,64743,61470
"Cloverdale city, California",3617,89630,112297
"Clovis city, California",39207,89769,112027
"Clyde CDP, California",294,67794,92801
"Coachella city, California",15669,40688,55233
"Coalinga city, California",4502,65180,78992
"Coarsegold CDP, California",1849,74265,78057
"Cobb CDP, California",387,100739,95610
"Coffee Creek CDP, California",108,52500,57141
"Cohasset CDP, California",193,70446,165509
"Cold Springs CDP (El Dorado County), California",293,59875,82617
"Cold Springs CDP (Tuolumne County), California",0,-,-
"Coleville CDP, California",142,38639,38055
"Colfax city, California",865,69844,87203
"College City CDP, California",62,-,74306
"Collierville CDP, California",612,76739,111892
"Colma town, California",464,102500,117223
"Coloma CDP, California",155,94453,132675
"Colton city, California",16709,60874,72513
"Columbia CDP, California",1006,40730,58044
"Colusa city, California",2431,55664,68710
"Commerce city, California",3466,58226,74681
"Comptche CDP, California",80,-,85750
"Compton city, California",24921,62297,72663
"Concord city, California",45471,100011,118420
"Concow CDP, California",169,28750,43977
"Contra Costa Centre CDP, California",3644,135139,144034
"Copperopolis CDP, California",1285,81319,99185
"Corcoran city, California",4081,46782,56601
"Corning city, California",2644,48313,54012
"Corona city, California",45875,95268,115377
"Coronado city, California",7147,114559,174248
"Coronita CDP, California",918,109054,121518
"Corralitos CDP, California",1030,154958,165890
"Corte Madera town, California",3930,183661,243760
"Costa Mesa city, California",41243,96391,125326
"Cotati city, California",2828,97500,108810
"Coto de Caza CDP, California",5033,210990,283553
"Cottonwood CDP (Kern County), California",787,29980,38703
"Cottonwood CDP (Shasta County), California",2220,73690,110168
"Coulterville CDP, California",20,-,N
"Country Club CDP, California",3361,71185,86690
"Courtland CDP, California",215,63872,73696
"Covelo CDP, California",465,42654,49042
"Covina city, California",16399,81570,101799
"Cowan CDP, California",127,68456,63150
"Crane Creek CDP, California",16,-,N
"Crescent City city, California",1847,34676,37057
"Crescent Mills CDP, California",47,-,21506
"Cressey CDP, California",90,69318,75442
"Crest CDP, California",981,102031,112120
"Crestline CDP, California",3795,64523,80833
"Creston CDP, California",0,-,-
"C-Road CDP, California",34,-,72318
"Crockett CDP, California",1516,95357,105527
"Cromberg CDP, California",146,85804,81749
"Crowley Lake CDP, California",399,-,87842
"Crows Landing CDP, California",142,32016,43244
"Cudahy city, California",5775,47050,55508
"Culver City city, California",18144,105346,147109
"Cupertino city, California",20963,199778,245527
"Cutler CDP, California",1155,53370,60285
"Cutten CDP, California",1210,84688,98719
"Cuyama CDP, California",10,-,57240
"Cypress city, California",15998,109180,129523
"Dales CDP, California",29,-,N
"Daly City city, California",31787,105374,129197
"Dana Point city, California",14197,111132,156760
"Danville town, California",16240,181453,239310
"Daphnedale Park CDP, California",37,-,33262
"Darwin CDP, California",36,-,N
"Davenport CDP, California",164,56731,84133
"Davis city, California",25123,81231,119855
"Day Valley CDP, California",1186,156609,182424
"Deer Park CDP, California",327,109271,162192
"Del Aire CDP, California",3390,116520,142041
"Delano city, California",11387,48344,64653
"Del Dios CDP, California",136,96471,131023
"Delft Colony CDP, California",231,-,40077
"Delhi CDP, California",2844,67570,78065
"Delleker CDP, California",199,73750,65600
"Del Mar city, California",1818,157708,263874
"Del Monte Forest CDP, California",1686,140132,231705
"Del Rey CDP, California",399,38516,51764
"Del Rey Oaks city, California",646,115469,138317
"Del Rio CDP, California",450,153649,257193
"Denair CDP, California",1704,96611,97505
"Derby Acres CDP, California",122,66250,66673
"Descanso CDP, California",555,112969,141277
"Desert Center CDP, California",126,34583,54929
"Desert Edge CDP, California",1827,36799,45188
"Desert Hot Springs city, California",11640,37924,52903
"Desert Palms CDP, California",3671,68583,108498
"Desert Shores CDP, California",210,21009,27868
"Desert View Highlands CDP, California",1060,66944,66618
"Diablo CDP, California",248,-,298358
"Diablo Grande CDP, California",380,110833,127808
"Diamond Bar city, California",17788,100776,126368
"Diamond Springs CDP, California",4887,64674,87535
"Di Giorgio CDP, California",102,30469,29494
"Dillon Beach CDP, California",160,183229,213373
"Dinuba city, California",6227,50186,67739
"Discovery Bay CDP, California",5516,138576,164040
"Dixon city, California",6464,84208,101777
"Dixon Lane-MeadowCreek CDP, California",1095,52530,62175
"Dobbins CDP, California",122,-,39749
"Dogtown CDP, California",1031,116063,136430
"Dollar Point CDP, California",428,81136,114770
"Dorrington CDP, California",238,113542,103189
"Dorris city, California",314,34643,52399
"Dos Palos city, California",1661,60250,81494
"Dos Palos Y CDP, California",84,19375,27299
"Douglas City CDP, California",349,48346,72390
"Downey city, California",34497,77972,100808
"Downieville CDP, California",43,98589,86742
"Doyle CDP, California",316,55000,64224
"Drytown CDP, California",7,-,N
"Duarte city, California",7283,86903,102425
"Dublin city, California",22946,171168,201867
"Ducor CDP, California",120,39000,48459
"Dunnigan CDP, California",484,40875,77645
"Dunsmuir city, California",732,39737,54494
"Durham CDP, California",2124,107000,123047
"Dustin Acres CDP, California",145,49519,77342
"Dutch Flat CDP, California",66,43125,57068
"Eagleville CDP, California",7,-,N
"Earlimart CDP, California",1908,43194,56683
"East Bakersfield CDP, California",3001,30091,37168
"Eastern Goleta Valley CDP, California",10279,126944,170796
"East Foothills CDP, California",2231,168390,208308
"East Hemet CDP, California",5529,65268,77352
"East Los Angeles CDP, California",31206,54629,68834
"East Nicolaus CDP, California",70,76875,86937
"East Niles CDP, California",7860,46701,55881
"East Oakdale CDP, California",956,130833,174407
"Easton CDP, California",567,80893,150210
"East Orosi CDP, California",119,-,41744
"East Palo Alto city, California",8163,96349,130055
"East Pasadena CDP, California",1956,94375,134023
"East Porterville CDP, California",1319,31151,50283
"East Quincy CDP, California",850,64143,82194
"East Rancho Dominguez CDP, California",3267,62886,83855
"East Richmond Heights CDP, California",1383,105108,138910
"East San Gabriel CDP, California",7578,94043,108977
"East Shore CDP, California",61,102063,107425
"East Sonora CDP, California",1362,66111,84692
"East Tulare Villa CDP, California",187,57396,73234
"Eastvale city, California",16713,141827,156860
"East Whittier CDP, California",3346,82612,94965
"Edgewood CDP, California",13,72188,75769
"Edison CDP, California",100,-,39280
"Edmundson Acres CDP, California",61,56250,66966
"Edna CDP, California",120,145808,190654
"Edwards AFB CDP, California",695,72188,87843
"El Adobe CDP, California",23,64688,64130
"El Cajon city, California",35003,58193,78839
"El Centro city, California",11798,49244,68056
"El Centro Naval Air Facility CDP, California",42,53333,81164
"El Cerrito city, California",10569,116875,154490
"El Cerrito CDP, California",1401,110469,116970
"El Dorado Hills CDP, California",16848,139810,181784
"Eldridge CDP, California",375,193246,273179
"Elfin Forest CDP, California",161,202933,216305
"El Granada CDP, California",2138,182174,220775
"Elizabeth Lake CDP, California",700,84000,99282
"Elk Creek CDP, California",53,-,95211
"Elk Grove city, California",54262,106797,123151
"Elkhorn CDP, California",388,94000,109377
"El Macero CDP, California",380,157222,225531
"Elmira CDP, California",141,64574,77389
"El Monte city, California",28731,56524,72148
"El Monte Mobile Village CDP, California",0,-,-
"El Nido CDP, California",76,48793,113842
"El Paso de Robles (Paso Robles) city, California",11960,75569,94497
"El Portal CDP, California",199,45221,57504
"El Rancho CDP, California",10,-,-
"El Rio CDP, California",1723,63270,82313
"El Segundo city, California",7070,126683,154026
"El Sobrante CDP (Contra Costa County), California",5328,101536,123842
"El Sobrante CDP (Riverside County), California",3756,133667,170545
"El Verano CDP, California",1242,86548,104794
"Elverta CDP, California",1647,86685,100571
"Emerald Lake Hills CDP, California",1572,"250,000+",412217
"Emeryville city, California",7256,109960,134951
"Empire CDP, California",1169,42204,57373
"Encinitas city, California",23746,132276,187124
"Escalon city, California",2866,67176,114869
"Escondido city, California",50456,70115,90732
"Esparto CDP, California",1081,87837,120478
"Etna city, California",295,48523,50798
"Eucalyptus Hills CDP, California",1886,105833,114406
"Eureka city, California",10808,46926,69007
"Exeter city, California",3175,55519,78101
"Fairbanks Ranch CDP, California",833,231721,295678
"Fairfax CDP, California",459,-,66702
"Fairfax town, California",3410,111290,131887
"Fairfield city, California",37176,92625,113117
"Fairhaven CDP, California",125,49750,67696
"Fairmead CDP, California",435,40729,61670
"Fair Oaks CDP, California",12846,99629,130862
"Fairview CDP, California",3660,135880,170794
"Fallbrook CDP, California",10134,73165,96753
"Fall River Mills CDP, California",238,-,70936
"Farmersville city, California",2779,48262,55317
"Farmington CDP, California",51,-,59747
"Fellows CDP, California",29,113125,135310
"Felton CDP, California",1441,107159,132764
"Ferndale city, California",602,62500,91058
"Fetters Hot Springs-Agua Caliente CDP, California",1350,90515,125331
"Fiddletown CDP, California",82,103403,95450
"Fieldbrook CDP, California",327,71875,94892
"Fields Landing CDP, California",126,66068,61298
"Fillmore city, California",4812,78024,92723
"Firebaugh city, California",2250,36667,50485
"Fish Camp CDP, California",0,-,-
"Florence-Graham CDP, California",14469,53478,65197
"Florin CDP, California",15199,53921,73135
"Floriston CDP, California",14,-,N
"Flournoy CDP, California",49,75625,81778
"Folsom city, California",27275,128421,147050
"Fontana city, California",55307,83468,99583
"Foothill Farms CDP, California",12698,57810,68746
"Forbestown CDP, California",112,85582,72223
"Ford City CDP, California",1252,41858,51643
"Foresthill CDP, California",547,56203,66884
"Forest Meadows CDP, California",550,85962,92548
"Forest Ranch CDP, California",791,137216,221001
"Forestville CDP, California",1510,88594,116176
"Fort Bidwell CDP, California",90,34286,56791
"Fort Bragg city, California",2925,46174,64500
"Fort Dick CDP, California",544,59894,89851
"Fort Hunter Liggett CDP, California",0,-,-
"Fort Irwin CDP, California",2790,58000,63701
"Fort Jones city, California",279,29716,43800
"Fortuna city, California",4901,53526,73418
"Fort Washington CDP, California",100,108088,109941
"Foster City city, California",12475,173721,211432
"Fountain Valley city, California",18852,92765,121234
"Fowler city, California",2107,61712,80484
"Franklin CDP (Merced County), California",2056,50290,59284
"Franklin CDP (Sacramento County), California",15,-,N
"Frazier Park CDP, California",1164,37662,64952
"Freedom CDP, California",950,93253,113456
"Freeport CDP, California",0,-,-
"Fremont city, California",74629,153475,183248
"French Camp CDP, California",458,71250,75516
"French Gulch CDP, California",150,46071,58369
"French Valley CDP, California",10032,116972,136026
"Fresno city, California",174756,57211,77982
"Friant CDP, California",217,51146,60456
"Fruitdale CDP, California",520,151364,186134
"Fruitridge Pocket CDP, California",1893,40717,47607
"Fuller Acres CDP, California",157,32417,43744
"Fullerton city, California",46434,92718,126334
"Fulton CDP, California",134,146000,114100
"Furnace Creek CDP, California",58,42813,42012
"Galt city, California",8090,77669,95938
"Garberville CDP, California",671,24375,32520
"Gardena city, California",20806,68413,84065
"Garden Acres CDP, California",2911,48956,58817
"Garden Farms CDP, California",185,-,65625
"Garden Grove city, California",48217,78046,95976
"Garey CDP, California",22,101250,108677
"Garnet CDP, California",1851,43906,57280
"Gasquet CDP, California",232,43333,47633
"Gazelle CDP, California",53,38750,54913
"Georgetown CDP, California",1334,80850,87081
"Gerber CDP, California",548,-,56976
"Geyserville CDP, California",339,90938,114883
"Gilroy city, California",17023,116206,138490
"Glendale city, California",73394,74488,106268
"Glendora city, California",16861,103159,128965
"Glen Ellen CDP, California",517,"250,000+",356404
"Glennville CDP, California",23,-,44013
"Golden Hills CDP, California",3729,96054,118518
"Gold Mountain CDP, California",29,-,N
"Gold River CDP, California",3437,141339,174676
"Goleta city, California",11593,104830,123575
"Gonzales city, California",2293,73906,82162
"Good Hope CDP, California",1898,45785,58676
"Goodmanville CDP, California",51,190521,199088
"Goodyears Bar CDP, California",64,-,N
"Goshen CDP, California",1310,55494,72851
"Graeagle CDP, California",232,48750,102094
"Grand Terrace city, California",4721,76791,93396
"Grangeville CDP, California",135,72443,88027
"Granite Bay CDP, California",7725,161557,207653
"Granite Hills CDP, California",1224,131127,154588
"Graniteville CDP, California",5,-,-
"Grass Valley city, California",6495,44906,64685
"Graton CDP, California",631,86409,106667
"Grayson CDP, California",315,78438,79204
"Greeley Hill CDP, California",525,24761,46726
"Greenacres CDP, California",1536,76250,94375
"Green Acres CDP, California",903,63414,69628
"Greenfield CDP, California",959,68569,79096
"Greenfield city, California",4096,69474,80424
"Greenhorn CDP, California",100,26250,46836
"Green Valley CDP (Los Angeles County), California",416,91750,108603
"Green Valley CDP (Solano County), California",640,108750,162842
"Greenview CDP, California",49,-,58784
"Greenville CDP, California",325,29614,59152
"Grenada CDP, California",115,54861,57760
"Gridley city, California",2460,54261,69459
"Grimes CDP, California",147,34063,52876
"Grizzly Flats CDP, California",497,78415,80523
"Groveland CDP, California",267,52847,110180
"Grover Beach city, California",5067,77637,92123
"Guadalupe city, California",2051,58449,73515
"Guerneville CDP, California",2418,76484,103835
"Guinda CDP, California",33,-,111442
"Gustine city, California",2169,51376,71638
"Hacienda Heights CDP, California",16305,94617,119205
"Half Moon Bay city, California",4117,137346,191615
"Hamilton Branch CDP, California",191,60208,81643
"Hamilton City CDP, California",758,55000,55551
"Hanford city, California",18394,68316,82706
"Happy Camp CDP, California",388,34107,46015
"Happy Valley CDP, California",2023,62734,82455
"Harbison Canyon CDP, California",1454,86087,135690
"Hardwick CDP, California",47,-,38989
"Harmony Grove CDP, California",518,189435,178790
"Hartland CDP, California",0,-,-
"Hartley CDP, California",1059,108828,138336
"Hasley Canyon CDP, California",407,142708,164738
"Hat Creek CDP, California",38,75417,79663
"Hawaiian Gardens city, California",3733,66578,74642
"Hawthorne city, California",29199,63847,82302
"Hayfork CDP, California",991,39692,66799
"Hayward city, California",49524,98837,119723
"Healdsburg city, California",4626,94375,137804
"Heber CDP, California",1869,54668,65599
"Hemet city, California",30322,46194,63661
"Herald CDP, California",402,98140,102648
"Hercules city, California",9068,114124,137543
"Herlong CDP, California",110,48333,55345
"Hermosa Beach city, California",8926,144388,213338
"Hesperia city, California",28625,58578,72079
"Hickman CDP, California",216,82589,88926
"Hidden Hills city, California",667,"250,000+",399340
"Hidden Meadows CDP, California",1495,126089,135430
"Hidden Valley Lake CDP, California",2264,77051,90876
"Highgrove CDP, California",1892,90682,101656
"Highland city, California",16532,69225,96559
"Highlands CDP, California",904,"250,000+",359402
"Hillcrest CDP, California",2918,52980,71676
"Hillsborough town, California",3512,"250,000+",510494
"Hilmar-Irwin CDP, California",1851,65059,96263
"Hiouchi CDP, California",125,-,91211
"Hollister city, California",11736,87761,103667
"Holtville city, California",1518,45759,59365
"Home Garden CDP, California",429,39219,53050
"Home Gardens CDP, California",3124,77403,93290
"Homeland CDP, California",2137,50339,65833
"Homestead Valley CDP, California",1319,34236,41133
"Homewood Canyon CDP, California",86,-,78862
"Honcut CDP, California",86,162652,184813
"Hood CDP, California",70,-,51771
"Hoopa CDP, California",847,42361,61528
"Hopland CDP, California",315,59904,75220
"Hornbrook CDP, California",127,41719,55254
"Hornitos CDP, California",44,-,N
"Hughson city, California",2612,89256,95701
"Humboldt Hill CDP, California",1332,75085,92115
"Huntington Beach city, California",77143,104728,137528
"Huntington Park city, California",14179,51065,63128
"Huron city, California",1706,34714,48803
"Hyampom CDP, California",54,-,N
"Hydesville CDP, California",471,61875,87299
"Hypericum CDP, California",47,92841,74243
"Idlewild CDP, California",0,-,-
"Idyllwild-Pine Cove CDP, California",1299,73006,88733
"Igo CDP, California",56,109405,160736
"Imperial city, California",5147,81657,82812
"Imperial Beach city, California",9187,68917,84153
"Independence CDP, California",313,54063,63677
"Indian Falls CDP, California",13,-,N
"Indianola CDP, California",312,40769,72253
"Indian Wells city, California",2517,120680,208208
"Indio city, California",34458,59399,78194
"Indio Hills CDP, California",163,43983,43729
"Industry city, California",63,94063,99221
"Inglewood city, California",35738,62845,79836
"Interlaken CDP, California",2033,106843,140736
"Inverness CDP, California",871,72292,101307
"Inyokern CDP, California",363,62027,87074
"Ione city, California",2214,68902,79640
"Iron Horse CDP, California",167,50231,40956
"Irvine city, California",107166,114027,146465
"Irwindale city, California",416,96250,114521
"Isla Vista CDP, California",4571,22386,32936
"Isleton city, California",254,42083,56344
"Ivanhoe CDP, California",1233,42259,57208
"Jackson city, California",2048,63400,74663
"Jacumba CDP, California",226,-,43215
"Jamestown CDP, California",1932,43543,71566
"Jamul CDP, California",1953,126250,157112
"Janesville CDP, California",1146,68286,81253
"Jenner CDP, California",0,-,-
"Johannesburg CDP, California",45,-,N
"Johnson Park CDP, California",342,45756,44498
"Johnstonville CDP, California",401,85221,98102
"Johnsville CDP, California",0,-,-
"Jones Valley CDP, California",549,83375,107260
"Joshua Tree CDP, California",2904,47944,66854
"Jovista CDP, California",26,-,83115
"Julian CDP, California",731,74121,75074
"Junction City CDP, California",380,55594,61097
"June Lake CDP, California",114,101250,147753
"Jurupa Valley city, California",25039,83430,101195
"Keddie CDP, California",33,-,76936
"Keeler CDP, California",31,-,40897
"Keene CDP, California",129,95433,125942
"Kelly Ridge CDP, California",1366,52177,72183
"Kelseyville CDP, California",1372,42381,49530
"Kennedy CDP, California",733,42083,57815
"Kennedy Meadows CDP, California",37,-,-
"Kensington CDP, California",2096,167500,237462
"Kentfield CDP, California",2761,209750,324883
"Kenwood CDP, California",465,107533,109519
"Kep'el CDP, California",16,-,17938
"Kerman city, California",4379,50130,69150
"Kernville CDP, California",331,39604,44046
"Keswick CDP, California",65,60673,48602
"Kettleman City CDP, California",324,42206,57476
"Keyes CDP, California",1508,52703,63288
"King City city, California",3218,59712,73661
"Kings Beach CDP, California",1295,53388,64428
"Kingsburg city, California",4085,73349,98743
"Kingvale CDP, California",43,-,N
"Kirkwood CDP, California",89,129844,137546
"Klamath CDP, California",352,43819,64473
"Knightsen CDP, California",483,108250,122130
"Knights Ferry CDP, California",32,-,67725
"Knights Landing CDP, California",296,40583,42294
"La Cañada Flintridge city, California",6444,187384,277279
"La Crescenta-Montrose CDP, California",7167,107954,130882
"La Cresta CDP, California",2762,51277,61073
"Ladera CDP, California",558,170000,307011
"Ladera Heights CDP, California",2715,112604,156784
"Ladera Ranch CDP, California",7794,169706,211390
"Lafayette city, California",8917,192546,277216
"La Grange CDP, California",84,18438,35207
"Laguna Beach city, California",10536,135976,223062
"Laguna Hills city, California",11440,109750,157081
"Laguna Niguel city, California",25361,125495,168607
"Laguna Woods city, California",11933,53076,70559
"Lagunitas-Forest Knolls CDP, California",801,113389,121615
"La Habra city, California",19731,88002,104202
"La Habra Heights city, California",1970,181591,243523
"La Honda CDP, California",580,228864,247971
"Lake Almanor Country Club CDP, California",301,82757,101444
"Lake Almanor Peninsula CDP, California",156,95000,86938
"Lake Almanor West CDP, California",159,182292,214448
"Lake Arrowhead CDP, California",3927,79750,105451
"Lake California CDP, California",1323,88366,82236
"Lake City CDP, California",25,20625,44360
"Lake Davis CDP, California",51,-,61253
"Lake Don Pedro CDP, California",671,58852,80416
"Lake Elsinore city, California",19162,80350,98086
"Lake Forest city, California",29870,117374,143191
"Lakehead CDP, California",269,48472,63833
"Lake Hughes CDP, California",225,-,77977
"Lake Isabella CDP, California",1424,25304,37783
"Lakeland Village CDP, California",3228,72029,89036
"Lake Los Angeles CDP, California",3457,53307,63307
"Lake Mathews CDP, California",1923,96044,121809
"Lake Nacimiento CDP, California",1272,74430,87132
"Lake of the Pines CDP, California",1884,99128,122680
"Lake of the Woods CDP, California",299,51133,51351
"Lakeport city, California",2148,75155,100226
"Lake Riverside CDP, California",369,72446,94157
"Lake San Marcos CDP, California",2165,91308,110638
"Lake Shastina CDP, California",1140,66538,83022
"Lake Sherwood CDP, California",646,"250,000+",367893
"Lakeside CDP (Kern County), California",343,-,76496
"Lakeside CDP (San Diego County), California",7234,83720,102347
"Lakeview CDP, California",490,93636,187039
"Lake Wildwood CDP, California",1934,77128,87132
"Lakewood city, California",26664,102163,115710
"La Mesa city, California",24475,75616,95038
"La Mirada city, California",14679,97672,114778
"Lamont CDP, California",3556,40341,47678
"Lanare CDP, California",148,41724,56559
"Lancaster city, California",52448,61454,78533
"La Palma city, California",4931,106473,127770
"La Porte CDP, California",0,-,-
"La Presa CDP, California",11469,75743,97457
"La Puente city, California",9409,73827,86430
"La Quinta city, California",15375,83412,130335
"La Riviera CDP, California",4539,77493,92522
"Larkfield-Wikiup CDP, California",2903,84508,109823
"Larkspur city, California",6213,135260,197818
"La Selva Beach CDP, California",996,136058,149758
"Las Flores CDP (Orange County), California",1685,147404,176424
"Las Flores CDP (Tehama County), California",92,-,55955
"Las Lomas CDP, California",775,76949,93450
"Lathrop city, California",6816,99632,114601
"Laton CDP, California",487,50956,63336
"La Verne city, California",11589,95957,121949
"La Vina CDP, California",68,80100,73950
"Lawndale city, California",9726,72246,86481
"Laytonville CDP, California",332,49167,53267
"Lebec CDP, California",442,24198,43427
"Lee Vining CDP, California",60,-,N
"Leggett CDP, California",37,-,10819
"Le Grand CDP, California",490,50441,60720
"Lemon Cove CDP, California",139,54489,121120
"Lemon Grove city, California",9114,71082,82891
"Lemon Hill CDP, California",4488,43254,54510
"Lemoore city, California",9033,71503,81472
"Lemoore Station CDP, California",1443,59092,65741
"Lennox CDP, California",5658,49694,63521
"Lenwood CDP, California",1287,53961,64319
"Leona Valley CDP, California",614,105667,109374
"Lewiston CDP, California",500,51439,70171
"Lexington Hills CDP, California",869,210156,271535
"Likely CDP, California",0,-,-
"Lincoln city, California",18619,93232,114858
"Lincoln Village CDP, California",1203,78945,93941
"Linda CDP, California",7064,53571,65676
"Lindcove CDP, California",32,28750,41016
"Linden CDP, California",685,115016,110650
"Lindsay city, California",3763,39375,51724
"Linnell Camp CDP, California",155,30913,30098
"Litchfield CDP, California",53,58672,68253
"Little Grass Valley CDP, California",0,-,-
"Little River CDP, California",118,-,16739
"Littlerock CDP, California",283,48250,67702
"Little Valley CDP, California",16,33182,30631
"Live Oak CDP, California",6297,91317,121902
"Live Oak city, California",2469,62974,77036
"Livermore city, California",31094,139904,171681
"Livingston city, California",3299,68958,74208
"Lockeford CDP, California",1503,80324,105839
"Lockwood CDP (Amador County), California",214,-,140283
"Lockwood CDP (Monterey County), California",144,-,81476
"Lodi city, California",22621,70302,90456
"Lodoga CDP, California",62,-,95708
"Loleta CDP, California",257,54205,100361
"Loma Linda city, California",9475,63272,85006
"Loma Mar CDP, California",79,"250,000+",297622
"Loma Rica CDP, California",1058,97544,88418
"Lomita city, California",7861,85852,109330
"Lompico CDP, California",434,86087,108740
"Lompoc city, California",13432,60234,77000
"London CDP, California",376,34750,45290
"Lone Pine CDP, California",610,34946,58827
"Long Barn CDP, California",73,-,N
"Long Beach city, California",169958,71150,95035
"Lookout CDP, California",22,56250,54273
"Loomis town, California",2930,72955,114829
"Los Alamitos city, California",4165,91051,118562
"Los Alamos CDP, California",491,67418,127043
"Los Altos city, California",10805,"250,000+",357631
"Los Altos Hills town, California",3125,"250,000+",417418
"Los Angeles city, California",1384851,69778,106931
"Los Banos city, California",12025,69607,86747
"Los Berros CDP, California",60,124722,146508
"Los Gatos town, California",13036,166642,262651
"Los Molinos CDP, California",732,54643,57998
"Los Olivos CDP, California",370,114250,153261
"Los Osos CDP, California",6237,82894,96893
"Los Ranchos CDP, California",581,160987,215714
"Lost Hills CDP, California",478,39615,44188
"Lower Lake CDP, California",401,34384,51456
"Loyalton city, California",355,79185,105790
"Loyola CDP, California",1206,"250,000+",353156
"Lucas Valley-Marinwood CDP, California",2423,168221,243385
"Lucerne CDP, California",1282,44139,108771
"Lucerne Valley CDP, California",2075,38096,56051
"Lynwood city, California",15100,61612,75160
"Lytle Creek CDP, California",300,52083,60315
"Mabie CDP, California",44,-,N
"McArthur CDP, California",139,-,47961
"McClellan Park CDP, California",324,27500,46327
"McClenney Tract CDP, California",19,-,21695
"McCloud CDP, California",399,41950,57221
"Macdoel CDP, California",40,-,N
"McFarland city, California",3259,38651,51464
"McGee Creek CDP, California",0,-,-
"McKinleyville CDP, California",6442,59327,79304
"McKittrick CDP, California",49,39688,47978
"McSwain CDP, California",1499,111995,184339
"Madeline CDP, California",12,-,N
"Madera city, California",17371,53777,72238
"Madera Acres CDP, California",2625,92909,107578
"Madera Ranchos CDP, California",1091,88259,104192
"Madison CDP, California",166,42696,36907
"Mad River CDP, California",147,30125,49368
"Magalia CDP, California",4209,51766,68971
"Malaga CDP, California",273,45893,56008
"Malibu city, California",4442,178594,290715
"Mammoth Lakes town, California",3072,77545,91061
"Manchester CDP, California",89,54006,69780
"Manhattan Beach city, California",13422,169586,260549
"Manila CDP, California",324,61406,78243
"Manteca city, California",25698,82538,102656
"Manton CDP, California",146,118199,178723
"March ARB CDP, California",488,85435,79218
"Maricopa city, California",426,43654,55802
"Marina city, California",7676,78795,99320
"Marina del Rey CDP, California",5202,132746,173802
"Marin City CDP, California",1374,76148,143421
"Mariposa CDP, California",696,30061,48968
"Markleeville CDP, California",74,86667,89627
"Martell CDP, California",47,137902,114564
"Martinez city, California",14825,114390,141350
"Marysville city, California",4773,45867,57875
"Matheny CDP, California",257,56369,74823
"Mather CDP, California",1447,122813,131672
"Maxwell CDP, California",348,68542,71461
"Mayfair CDP, California",1756,42857,59156
"Mayflower Village CDP, California",1734,107500,116376
"Maywood city, California",6332,54535,66195
"Meadowbrook CDP, California",1056,49480,61598
"Meadow Valley CDP, California",196,74009,94947
"Meadow Vista CDP, California",1306,87614,120315
"Mead Valley CDP, California",4434,73592,87532
"Mecca CDP, California",2123,25202,32491
"Meiners Oaks CDP, California",1573,83789,96981
"Mendocino CDP, California",364,73750,84281
"Mendota city, California",2912,38360,48092
"Menifee city, California",32350,80741,99786
"Menlo Park city, California",11725,179913,276133
"Mentone CDP, California",3409,65949,88277
"Merced city, California",26673,52305,69969
"Meridian CDP, California",144,45833,71550
"Mesa CDP, California",165,120197,104107
"Mesa Verde CDP, California",269,43365,56700
"Mesa Vista CDP, California",85,93438,125706
"Mettler CDP, California",57,82750,77274
"Mexican Colony CDP, California",123,45353,47928
"Meyers CDP, California",906,91184,129937
"Middletown CDP, California",510,150473,131585
"Midpines CDP, California",180,58864,59379
"Midway City CDP, California",2505,48323,79935
"Milford CDP, California",33,-,N
"Millbrae city, California",8108,141399,182504
"Millerton CDP, California",216,177897,148024
"Mill Valley city, California",5622,179529,277907
"Millville CDP, California",309,97083,104077
"Milpitas city, California",23681,149312,174565
"Mineral CDP, California",76,44750,55786
"Minkler CDP, California",444,56776,103623
"Mira Monte CDP, California",2742,80174,110265
"Miranda CDP, California",205,-,50623
"Mission Canyon CDP, California",970,157778,239857
"Mission Hills CDP, California",1195,99517,126667
"Mission Viejo city, California",32690,126320,151595
"Mi-Wuk Village CDP, California",467,118163,114671
"Modesto city, California",71879,67011,89167
"Modjeska CDP, California",251,103967,158436
"Mohawk Vista CDP, California",29,-,N
"Mojave CDP, California",1403,44757,58858
"Mokelumne Hill CDP, California",320,76791,95471
"Monmouth CDP, California",30,36389,41387
"Mono City CDP, California",92,-,N
"Mono Vista CDP, California",1437,77054,83660
"Monrovia city, California",13553,87077,112007
"Monson CDP, California",52,48438,50112
"Montague city, California",550,53837,60466
"Montalvin Manor CDP, California",694,71833,83994
"Montara CDP, California",1040,165722,219568
"Montclair city, California",9912,67483,81261
"Montebello city, California",19119,66584,85862
"Montecito CDP, California",3207,193423,302974
"Monterey city, California",12912,85365,115071
"Monterey Park city, California",20318,68497,92296
"Monterey Park Tract CDP, California",41,140450,110441
"Monte Rio CDP, California",475,42442,91812
"Monte Sereno city, California",1219,"250,000+",418435
"Montgomery Creek CDP, California",80,-,101158
"Monument Hills CDP, California",527,"250,000+",372035
"Moorpark city, California",11494,125915,150371
"Morada CDP, California",1236,-,174824
"Moraga town, California",5505,167784,235523
"Moreno Valley city, California",53135,73635,87816
"Morgan Hill city, California",14721,139161,171892
"Morongo Valley CDP, California",1515,42552,59158
"Morro Bay city, California",4884,80808,103874
"Moskowite Corner CDP, California",44,-,99968
"Moss Beach CDP, California",1109,116773,152716
"Moss Landing CDP, California",5,-,N
"Mountain Center CDP, California",30,-,40413
"Mountain Gate CDP, California",378,30086,42961
"Mountain House CDP, California",5948,154357,165576
"Mountain Meadows CDP, California",79,-,154439
"Mountain Mesa CDP, California",303,46168,60263
"Mountain Ranch CDP, California",140,141017,129259
"Mountain View CDP, California",778,73496,96776
"Mountain View city, California",34316,158104,213751
"Mountain View Acres CDP, California",819,57156,76594
"Mt. Bullion CDP, California",64,-,41922
"Mount Hebron CDP, California",11,-,N
"Mount Hermon CDP, California",509,142782,141627
"Mount Laguna CDP, California",46,-,62852
"Mount Shasta city, California",1849,45020,62316
"Muir Beach CDP, California",168,181000,198677
"Murphys CDP, California",857,45282,61349
"Murrieta city, California",33599,98466,122616
"Muscoy CDP, California",2434,45907,68725
"Myers Flat CDP, California",33,-,N
"Myrtletown CDP, California",2094,52969,84365
"Napa city, California",29099,92700,118290
"National City city, California",17488,51735,67841
"Needles city, California",1955,32839,52647
"Nevada City city, California",1438,53534,84718
"Newark city, California",14354,144011,168380
"Newcastle CDP, California",634,93500,112342
"New Cuyama CDP, California",242,53947,64578
"Newell CDP, California",103,-,31799
"Newman city, California",3510,76895,91839
"New Pine Creek CDP, California",22,-,51064
"Newport Beach city, California",38724,142463,229388
"Nicasio CDP, California",23,-,407291
"Nice CDP, California",1071,45781,49564
"Nicolaus CDP, California",61,90417,93338
"Niland CDP, California",259,"2,500-",12110
"Nipinnawasee CDP, California",160,66366,66350
"Nipomo CDP, California",5667,88525,110794
"Norco city, California",7048,115619,129544
"Nord CDP, California",115,59522,65499
"Norris Canyon CDP, California",282,"250,000+",409585
"North Auburn CDP, California",5418,72549,90581
"North Edwards CDP, California",438,58068,66392
"North El Monte CDP, California",1235,88795,137873
"North Fair Oaks CDP, California",4033,108580,142365
"North Fork CDP, California",1218,60967,64053
"North Gate CDP, California",257,243808,385291
"North Highlands CDP, California",15986,55616,67938
"North Lakeport CDP, California",1211,61563,81111
"North Richmond CDP, California",1073,87740,101602
"North San Juan CDP, California",85,-,34714
"North Shore CDP, California",1089,29797,39954
"North Tustin CDP, California",8819,157487,200877
"Norwalk city, California",26353,83217,98365
"Novato city, California",20682,107975,142676
"Nubieber CDP, California",5,-,N
"Nuevo CDP, California",1816,89891,109206
"Oakdale city, California",8167,72479,91845
"Oak Glen CDP, California",111,-,137795
"Oak Hills CDP, California",2816,87744,111518
"Oakhurst CDP, California",2277,61250,82834
"Oakland city, California",167307,85628,124815
"Oakley city, California",12480,109806,121237
"Oak Park CDP, California",5018,143153,191131
"Oak Run CDP, California",118,21333,29754
"Oak Shores CDP, California",106,64274,139302
"Oak View CDP, California",2158,99375,111012
"Oakville CDP, California",0,-,-
"Oasis CDP, California",1150,20598,29294
"Occidental CDP, California",604,81250,163276
"Oceano CDP, California",2958,68495,82575
"Oceanside city, California",60838,80837,103633
"Ocotillo CDP, California",93,19191,20522
"Oildale CDP, California",12361,42073,52141
"Ojai city, California",3074,71700,119892
"Olancha CDP, California",72,61964,71492
"Olde Stockdale CDP, California",227,144441,197829
"Old Fig Garden CDP, California",1998,98438,127545
"Old River CDP, California",1,-,N
"Old Station CDP, California",10,-,N
"Old Stine CDP, California",1116,51000,60284
"Olivehurst CDP, California",5041,60548,74917
"Ono CDP, California",26,46250,50062
"Ontario city, California",51068,71908,87914
"Onyx CDP, California",316,32318,62150
"Orange city, California",43421,102125,136262
"Orange Blossom CDP, California",409,92872,117202
"Orange Cove city, California",2470,28626,39381
"Orangevale CDP, California",13726,89426,102164
"Orcutt CDP, California",10962,100979,119629
"Orick CDP, California",95,36042,59075
"Orinda city, California",7252,248984,345478
"Orland city, California",2797,49872,60722
"Orosi CDP, California",2187,53638,70980
"Oroville city, California",7352,38801,55957
"Oroville East CDP, California",3056,78016,91081
"Oxnard city, California",50403,83180,97990
"Pacheco CDP, California",1916,93737,110664
"Pacifica city, California",13986,138548,158221
"Pacific Grove city, California",6731,92980,121853
"Pajaro CDP, California",574,58529,71775
"Pajaro Dunes CDP, California",112,-,196650
"Pala CDP, California",321,90417,116269
"Palermo CDP, California",2071,42135,63012
"Palmdale city, California",46515,70858,86507
"Palm Desert city, California",23951,67514,105833
"Palm Springs city, California",23673,61597,104560
"Palo Alto city, California",26007,194782,272206
"Palo Cedro CDP, California",1125,97303,116744
"Palos Verdes Estates city, California",4909,202569,292814
"Palo Verde CDP, California",58,-,N
"Panorama Heights CDP, California",43,-,47356
"Paradise town, California",3479,51396,68286
"Paradise CDP, California",102,93333,104159
"Paradise Park CDP, California",246,88413,102694
"Paramount city, California",14347,60456,75642
"Parklawn CDP, California",314,-,81519
"Parksdale CDP, California",606,52321,57081
"Parkway CDP, California",4936,50422,66109
"Parkwood CDP, California",553,51391,74575
"Parlier city, California",3675,42818,55597
"Pasadena city, California",55191,89661,128785
"Pasatiempo CDP, California",375,199528,231359
"Paskenta CDP, California",21,48750,49452
"Patterson city, California",6403,82979,95783
"Patterson Tract CDP, California",524,46250,60695
"Patton Village CDP, California",301,50927,55347
"Paxton CDP, California",0,-,-
"Paynes Creek CDP, California",38,19138,29642
"Pearsonville CDP, California",0,-,-
"Penngrove CDP, California",1032,91618,115819
"Penn Valley CDP, California",482,56667,71788
"Penryn CDP, California",412,80455,94144
"Pepperdine University CDP, California",147,158313,196571
"Perris city, California",18114,70910,88178
"Pescadero CDP, California",109,-,344295
"Petaluma city, California",22756,100379,130191
"Petaluma Center CDP, California",138,50833,63957
"Peters CDP, California",188,97115,97112
"Phelan CDP, California",4941,66589,83390
"Phillipsville CDP, California",0,-,-
"Philo CDP, California",66,32308,52780
"Phoenix Lake CDP, California",2197,62946,101355
"Pico Rivera city, California",16996,78056,93869
"Piedmont city, California",3821,"250,000+",360360
"Pierpoint CDP, California",20,-,N
"Pike CDP, California",48,34100,31865
"Pine Canyon CDP, California",897,97656,91985
"Pine Flat CDP, California",77,26250,36297
"Pine Grove CDP, California",1239,75169,80805
"Pine Hills CDP, California",1185,66199,88190
"Pine Mountain Club CDP, California",1078,50588,65961
"Pine Mountain Lake CDP, California",1407,62303,86482
"Pine Valley CDP, California",630,108125,117398
"Pinole city, California",6794,104275,123770
"Piñon Hills CDP, California",2437,62844,94216
"Pioneer CDP, California",574,100548,100180
"Piru CDP, California",624,64342,75495
"Pismo Beach city, California",4283,94268,127480
"Pittsburg city, California",22604,88343,106249
"Pixley CDP, California",1073,42827,52092
"Placentia city, California",16371,103041,124330
"Placerville city, California",4500,64348,78345
"Plainview CDP, California",178,42813,42170
"Planada CDP, California",1016,44324,54952
"Platina CDP, California",12,-,N
"Pleasant Hill city, California",13825,131012,153999
"Pleasanton city, California",27733,167932,214158
"Pleasure Point CDP, California",2730,99615,137361
"Plumas Eureka CDP, California",226,83056,102269
"Plumas Lake CDP, California",2493,104021,129396
"Plymouth city, California",462,77643,85416
"Point Arena city, California",183,47969,58247
"Point Reyes Station CDP, California",205,-,98034
"Pollock Pines CDP, California",2790,58287,76747
"Pomona city, California",41457,67549,82734
"Ponderosa CDP, California",25,-,N
"Poplar-Cotton Center CDP, California",590,38667,43246
"Port Costa CDP, California",169,-,65164
"Porterville city, California",18305,48955,66302
"Port Hueneme city, California",6859,67386,80392
"Portola city, California",981,45234,69016
"Portola Valley town, California",1662,"250,000+",435371
"Posey CDP, California",0,-,-
"Poso Park CDP, California",3,-,N
"Post Mountain CDP, California",29,-,N
"Potomac Park CDP, California",2470,45519,55015
"Potrero CDP, California",59,-,93034
"Potter Valley CDP, California",199,69135,74704
"Poway city, California",16261,119847,155770
"Prattville CDP, California",39,48603,49623
"Princeton CDP, California",120,-,77471
"Proberta CDP, California",30,-,48977
"Prunedale CDP, California",5623,95175,121651
"Pumpkin Center CDP, California",67,-,36007
"Quartz Hill CDP, California",3678,83509,98551
"Quincy CDP, California",701,56305,75153
"Rackerby CDP, California",68,49375,137756
"Rail Road Flat CDP, California",85,50234,42960
"Rainbow CDP, California",724,71538,99157
"Raisin City CDP, California",92,45577,52500
"Ramona CDP, California",7156,82079,103741
"Rancho Calaveras CDP, California",2003,65344,94013
"Rancho Cordova city, California",26725,77044,93945
"Rancho Cucamonga city, California",56380,97046,121455
"Rancho Mirage city, California",8817,95158,147469
"Rancho Mission Viejo CDP, California",3469,152989,183208
"Rancho Murieta CDP, California",2369,133505,135752
"Rancho Palos Verdes city, California",15359,158996,205664
"Rancho San Diego CDP, California",7671,109205,147179
"Rancho Santa Fe CDP, California",984,196500,309329
"Rancho Santa Margarita city, California",16825,135350,157880
"Rancho Tehama Reserve CDP, California",544,42647,60678
"Randsburg CDP, California",44,24537,33711
"Red Bluff city, California",5806,41004,85355
"Red Corral CDP, California",611,70625,118247
"Redcrest CDP, California",9,-,N
"Redding city, California",36880,60624,82564
"Redlands city, California",25273,87184,119040
"Redondo Beach city, California",28776,123874,163428
"Redway CDP, California",623,72601,81997
"Redwood City city, California",30020,134287,189522
"Redwood Valley CDP, California",616,48750,69781
"Reedley city, California",6678,55498,69760
"Reliez Valley CDP, California",1180,183879,232705
"Rexland Acres CDP, California",852,48831,52131
"Rialto city, California",26726,69934,84834
"Richfield CDP, California",106,74167,61797
"Richgrove CDP, California",518,17000,30798
"Richmond city, California",39493,79478,100237
"Richvale CDP, California",78,-,230941
"Ridgecrest city, California",11045,77534,91926
"Ridgecrest Heights CDP, California",151,-,41680
"Ridgemark CDP, California",1133,135066,144382
"Rio Dell city, California",1371,36648,56266
"Rio del Mar CDP, California",3843,131835,171356
"Rio Linda CDP, California",5151,80364,92434
"Rio Oso CDP, California",110,161667,160221
"Rio Vista city, California",5025,76423,85691
"Ripley CDP, California",191,25864,28475
"Ripon city, California",5585,102633,125677
"Riverbank city, California",7337,75216,92468
"Riverdale CDP, California",707,34267,58049
"Riverdale Park CDP, California",246,59167,64411
"Rivergrove CDP, California",28,-,80543
"River Pines CDP, California",157,-,68846
"Riverside city, California",88340,76755,96476
"Robbins CDP, California",131,76042,76603
"Robinson Mill CDP, California",38,-,N
"Rocklin city, California",24179,106164,131347
"Rodeo CDP, California",3247,85825,107755
"Rodriguez Camp CDP, California",28,36250,31989
"Rohnert Park city, California",17186,82808,101091
"Rolling Hills city, California",546,"250,000+",438434
"Rolling Hills CDP, California",298,82016,111305
"Rolling Hills Estates city, California",2758,160724,239507
"Rollingwood CDP, California",859,100066,97908
"Romoland CDP, California",558,90185,94071
"Rosamond CDP, California",6596,70208,86192
"Rosedale CDP, California",6164,120697,163884
"Rose Hills CDP, California",1026,105776,128746
"Rosemead city, California",13927,64224,83054
"Rosemont CDP, California",8921,77495,94079
"Roseville city, California",54571,102660,123513
"Ross town, California",852,"250,000+",363130
"Rossmoor CDP, California",4046,153750,193372
"Rough and Ready CDP, California",245,-,51799
"Round Mountain CDP, California",66,34167,44577
"Round Valley CDP, California",164,53125,80710
"Rouse CDP, California",370,52986,59011
"Rowland Heights CDP, California",14903,79476,103847
"Rumsey CDP, California",64,-,176003
"Running Springs CDP, California",1580,75682,85577
"Ruth CDP, California",76,46250,66701
"Rutherford CDP, California",43,-,193321
"Sacramento city, California",194004,71074,93320
"Sage CDP, California",992,59595,82210
"St. Helena city, California",2466,122348,209488
"Salida CDP, California",4278,87554,106268
"Salinas city, California",42984,75747,92586
"Salmon Creek CDP, California",14,-,N
"Salton City CDP, California",2343,29937,39079
"Salton Sea Beach CDP, California",141,-,51792
"Salyer CDP, California",237,33490,56002
"Samoa CDP, California",76,39700,65512
"San Andreas CDP, California",1011,23733,41793
"San Anselmo town, California",4995,153381,217811
"San Antonio Heights CDP, California",1062,141190,174299
"San Ardo CDP, California",158,61667,67406
"San Bernardino city, California",61680,55372,70063
"San Bruno city, California",15308,117747,143341
"San Buenaventura (Ventura) city, California",42091,86718,108241
"San Carlos city, California",11393,204570,279101
"San Clemente city, California",24006,123090,170898
"Sand City city, California",172,60682,84317
"San Diego city, California",509347,89457,121230
"San Diego Country Estates CDP, California",3440,122269,139931
"San Dimas city, California",11812,101144,119138
"San Fernando city, California",6417,64581,88693
"San Francisco city, California",361222,126187,178742
"San Gabriel city, California",12154,76918,102290
"Sanger city, California",7352,59650,76317
"San Geronimo CDP, California",130,-,144737
"San Jacinto city, California",14739,62144,76897
"San Joaquin city, California",824,38878,54251
"San Jose city, California",324376,125075,162521
"San Juan Bautista city, California",699,92404,99465
"San Juan Capistrano city, California",12460,111875,152296
"San Leandro city, California",30809,89663,111078
"San Lorenzo CDP, California",8939,95903,111542
"San Lucas CDP, California",66,70227,73526
"San Luis Obispo city, California",19035,61862,96358
"San Marcos city, California",30304,90620,117376
"San Marino city, California",3942,174722,235807
"San Martin CDP, California",2040,121944,144367
"San Mateo city, California",40233,133612,181897
"San Miguel CDP (Contra Costa County), California",1236,205000,284220
"San Miguel CDP (San Luis Obispo County), California",832,66496,67102
"San Pablo city, California",9446,67294,77175
"San Pasqual CDP, California",843,130250,172818
"San Rafael city, California",23816,104521,155715
"San Ramon city, California",29084,173519,202875
"San Simeon CDP, California",238,50486,53680
"Santa Ana city, California",76624,77283,94914
"Santa Barbara city, California",36932,89243,130408
"Santa Clara city, California",45830,150244,184760
"Santa Clarita city, California",73294,106166,128588
"Santa Cruz city, California",22067,96217,132353
"Santa Fe Springs city, California",5539,75086,92038
"Santa Margarita CDP, California",488,-,63956
"Santa Maria city, California",28803,73300,86499
"Santa Monica city, California",46664,99847,158034
"Santa Nella CDP, California",501,75689,82809
"Santa Paula city, California",8972,67697,81098
"Santa Rosa city, California",67662,84823,108164
"Santa Rosa Valley CDP, California",906,160357,261339
"Santa Susana CDP, California",408,71458,105817
"Santa Venetia CDP, California",1535,104837,138358
"Santa Ynez CDP, California",1806,113333,137433
"Santee city, California",20620,92848,107980
"Saranap CDP, California",2428,129063,196756
"Saratoga city, California",11039,224179,303668
"Saticoy CDP, California",507,73523,84064
"Sattley CDP, California",38,-,N
"Sausalito city, California",4117,140417,194263
"Scotia CDP, California",179,42768,55317
"Scotts Valley city, California",4831,114504,151205
"Seacliff CDP, California",1574,86146,135065
"Seal Beach city, California",13040,75821,115999
"Sea Ranch CDP, California",583,82552,115393
"Searles Valley CDP, California",648,39186,53841
"Seaside city, California",10321,74140,90056
"Sebastopol city, California",3221,89679,107406
"Seeley CDP, California",444,43500,44505
"Selma city, California",7179,47644,60327
"Sequoia Crest CDP, California",19,-,N
"Sereno del Mar CDP, California",23,-,N
"Seville CDP, California",90,41667,49351
"Shafter city, California",4981,56696,66754
"Shandon CDP, California",349,77734,95901
"Shasta CDP, California",552,86500,102698
"Shasta Lake city, California",3988,51713,64090
"Shaver Lake CDP, California",201,112188,109325
"Shell Ridge CDP, California",385,215179,386258
"Shelter Cove CDP, California",440,39769,43703
"Sheridan CDP, California",364,64783,82747
"Shingle Springs CDP, California",1445,89196,126547
"Shingletown CDP, California",1128,65861,75154
"Shoshone CDP, California",18,-,136211
"Sierra Brooks CDP, California",144,56641,84090
"Sierra City CDP, California",76,66932,89011
"Sierra Madre city, California",4961,116884,169865
"Sierra Village CDP, California",35,-,N
"Sierraville CDP, California",66,-,45856
"Signal Hill city, California",4580,79309,99520
"Silverado CDP, California",402,90938,97807
"Silverado Resort CDP, California",507,162083,220266
"Silver City CDP, California",0,-,-
"Silver Lakes CDP, California",2194,89511,103095
"Simi Valley city, California",43893,102627,127827
"Sisquoc CDP, California",75,62917,74701
"Sky Valley CDP, California",1020,37714,65237
"Sleepy Hollow CDP, California",764,194107,324448
"Smartsville CDP, California",97,69095,80848
"Smith Corner CDP, California",84,36500,38880
"Smith River CDP, California",251,86250,72117
"Snelling CDP, California",59,43250,53953
"Soda Bay CDP, California",412,90517,109659
"Soda Springs CDP, California",13,-,N
"Solana Beach city, California",5278,113903,172564
"Soledad city, California",3660,67366,82655
"Solvang city, California",2542,94451,144026
"Somis CDP, California",382,106786,203938
"Sonoma city, California",5222,92078,126383
"Sonoma State University CDP, California",0,-,-
"Sonora city, California",2097,56279,76916
"Soquel CDP, California",4120,107114,144303
"Soulsbyville CDP, California",705,85265,95191
"South Dos Palos CDP, California",279,-,74709
"South El Monte city, California",4897,60244,76350
"South Gate city, California",23858,59647,73159
"South Lake Tahoe city, California",9078,57976,92351
"South Monrovia Island CDP, California",1503,94250,97834
"South Oroville CDP, California",971,57013,67664
"South Pasadena city, California",10345,115088,172088
"South San Francisco city, California",21895,112818,148908
"South San Gabriel CDP, California",2205,65946,75015
"South San Jose Hills CDP, California",4149,84257,91790
"South Taft CDP, California",685,28092,52320
"South Whittier CDP, California",15533,85579,100046
"Spaulding CDP, California",109,-,58841
"Spreckels CDP, California",121,-,125917
"Spring Garden CDP, California",0,-,-
"Spring Valley CDP (Lake County), California",315,51042,94158
"Spring Valley CDP (San Diego County), California",9727,87455,104721
"Spring Valley Lake CDP, California",2820,91667,112427
"Springville CDP, California",201,-,35655
"Squaw Valley CDP, California",1188,72188,79899
"Squirrel Mountain Valley CDP, California",554,-,62815
"Stallion Springs CDP, California",1095,73897,85228
"Stanford CDP, California",3507,66863,152318
"Stanton city, California",11802,68821,93227
"Stebbins CDP, California",215,118080,116851
"Stevenson Ranch CDP, California",6426,149762,178633
"Stevinson CDP, California",80,-,80616
"Stinson Beach CDP, California",280,103625,120673
"Stirling City CDP, California",106,30682,40957
"Stockton city, California",96216,63916,83774
"Stones Landing CDP, California",53,145216,117842
"Stonyford CDP, California",45,-,47351
"Stratford CDP, California",207,-,86043
"Strathmore CDP, California",989,31952,47152
"Strawberry CDP (Marin County), California",2216,121765,210735
"Strawberry CDP (Tuolumne County), California",61,-,N
"Sugarloaf Saw Mill CDP, California",0,-,-
"Sugarloaf Village CDP, California",4,-,N
"Suisun City city, California",9470,86405,96978
"Sultana CDP, California",237,33542,39361
"Summerland CDP, California",351,118321,176334
"Sunnyside CDP, California",1519,87250,104248
"Sunnyside-Tahoe City CDP, California",642,144474,160661
"Sunny Slopes CDP, California",37,47313,63743
"Sunnyvale city, California",57565,161670,209785
"Sunol CDP, California",296,171667,240932
"Sun Village CDP, California",3339,60336,71682
"Susanville city, California",2991,53750,70589
"Sutter CDP, California",1014,84434,94351
"Sutter Creek city, California",1387,54055,62129
"Swall Meadows CDP, California",147,164141,156766
"Taft city, California",3054,52917,66097
"Taft Heights CDP, California",553,53977,56977
"Taft Mosswood CDP, California",412,60789,62378
"Tahoe Vista CDP, California",465,82634,110772
"Tahoma CDP, California",459,78125,97928
"Talmage CDP, California",280,43258,102749
"Tamalpais-Homestead Valley CDP, California",4434,220875,274724
"Tancred CDP, California",17,-,232924
"Tara Hills CDP, California",1736,103148,110146
"Tarina CDP, California",0,-,-
"Tarpey Village CDP, California",1333,59896,69110
"Taylorsville CDP, California",15,-,N
"Tecopa CDP, California",126,35227,48160
"Tehachapi city, California",3693,54598,72527
"Tehama city, California",209,50104,66122
"Temecula city, California",34266,103546,121653
"Temelec CDP, California",1057,63029,91689
"Temescal Valley CDP, California",8700,107790,136285
"Temple City city, California",11789,88792,110656
"Templeton CDP, California",3169,104340,115406
"Tennant CDP, California",23,-,50483
"Terminous CDP, California",209,54844,104878
"Terra Bella CDP, California",512,20857,31109
"Teviston CDP, California",272,37167,40560
"Thermal CDP, California",670,14500,22910
"Thermalito CDP, California",2373,45723,73686
"Thornton CDP, California",280,32206,48062
"Thousand Oaks city, California",46270,113942,153349
"Thousand Palms CDP, California",2879,56055,67263
"Three Rivers CDP, California",1278,73720,90493
"Three Rocks CDP, California",47,-,40287
"Tiburon town, California",3515,192292,304909
"Timber Cove CDP, California",78,95341,109447
"Tipton CDP, California",753,34777,55528
"Tobin CDP, California",0,-,-
"Tomales CDP, California",81,-,61269
"Tonyville CDP, California",53,21736,24398
"Tooleville CDP, California",30,17656,15030
"Topanga CDP, California",3031,128884,196725
"Topaz CDP, California",117,76250,79085
"Toro Canyon CDP, California",797,122188,265686
"Torrance city, California",55585,100215,128399
"Trabuco Canyon CDP, California",441,164417,219803
"Tracy city, California",27237,102336,118891
"Tranquillity CDP, California",202,52895,67306
"Traver CDP, California",139,50469,51345
"Tres Pinos CDP, California",276,141250,178911
"Trinidad city, California",165,76705,112658
"Trinity Center CDP, California",116,40278,42441
"Trinity Village CDP, California",112,46333,120838
"Trona CDP, California",38,-,N
"Trowbridge CDP, California",73,116875,114697
"Truckee town, California",6247,103772,153386
"Tulare city, California",19332,62050,76204
"Tulelake city, California",221,36250,46845
"Tuolumne City CDP, California",716,39643,53436
"Tupman CDP, California",48,-,59958
"Turlock city, California",24904,66646,85293
"Tustin city, California",26547,93901,128500
"Tuttle CDP, California",30,-,N
"Tuttletown CDP, California",168,91167,77501
"Twain CDP, California",95,-,42163
"Twain Harte CDP, California",1121,75128,130746
"Twentynine Palms city, California",8671,46887,61708
"Twin Lakes CDP (Mono County), California",65,-,N
"Twin Lakes CDP (Santa Cruz County), California",2411,71228,121237
"Ukiah city, California",5790,56975,76067
"Union City city, California",20800,127828,151973
"University of California-Davis CDP, California",1494,23125,36000
"University of California-Merced CDP, California",0,-,-
"University of California-Santa Barbara CDP, California",701,71705,97459
"Upland city, California",27386,82259,108219
"Upper Lake CDP, California",507,116116,88415
"Vacaville city, California",33457,97683,119258
"Valinda CDP, California",4615,89193,113753
"Vallecito CDP, California",79,46736,68937
"Vallejo city, California",43883,78243,100900
"Valle Vista CDP, California",6367,59656,77680
"Valley Acres CDP, California",223,75509,94800
"Valley Center CDP, California",3136,103224,127638
"Valley Ford CDP, California",0,-,-
"Valley Home CDP, California",99,-,61831
"Valley Ranch CDP, California",16,-,N
"Valley Springs CDP, California",1316,70048,78055
"Valley Wells CDP, California",0,-,-
"Val Verde CDP, California",836,98750,102462
"Vandenberg AFB CDP, California",1097,64576,73432
"Vandenberg Village CDP, California",2621,95747,111467
"Verdi CDP, California",96,-,106276
"Vernon city, California",88,62000,63568
"Victor CDP, California",158,-,64463
"Victorville city, California",36882,61206,80076
"View Park-Windsor Hills CDP, California",4857,101739,116110
"Villa Park city, California",1965,172375,258683
"Vina CDP, California",58,63750,89874
"Vincent CDP, California",4101,88932,100520
"Vine Hill CDP, California",1116,121402,133490
"Vineyard CDP, California",12253,100798,112831
"Virginia Lakes CDP, California",0,-,-
"Visalia city, California",45376,69252,91234
"Vista city, California",30350,79196,103078
"Vista Santa Rosa CDP, California",649,55179,68043
"Volcano CDP, California",44,-,72625
"Volta CDP, California",121,-,25664
"Walker CDP, California",206,51471,62268
"Wallace CDP, California",279,105243,119962
"Walnut city, California",8663,121882,145940
"Walnut Creek city, California",32126,121205,157175
"Walnut Grove CDP, California",432,56833,83302
"Walnut Park CDP, California",3815,68708,79732
"Warm Springs CDP, California",482,52791,64895
"Warner Valley CDP, California",0,-,-
"Wasco city, California",6254,40532,55419
"Washington CDP, California",39,-,69862
"Waterford city, California",2405,70774,82308
"Waterloo CDP, California",342,-,142731
"Watsonville city, California",14587,67007,86076
"Waukena CDP, California",26,71071,66335
"Wautec CDP, California",5,-,N
"Wawona CDP, California",66,38036,41627
"Weaverville CDP, California",1472,42023,55447
"Weed city, California",1220,28857,68418
"Weedpatch CDP, California",908,19467,28582
"Weitchpec CDP, California",19,37917,43874
"Weldon CDP, California",1110,25727,35465
"Weott CDP, California",47,-,N
"West Athens CDP, California",2757,68750,93486
"West Bishop CDP, California",886,98333,112992
"West Carson CDP, California",7773,84914,109464
"West Covina city, California",31753,89834,110964
"West Goshen CDP, California",123,-,73319
"Westhaven-Moonstone CDP, California",501,79250,95553
"West Hollywood city, California",22984,78719,111521
"Westlake Village city, California",3090,166316,243719
"Westley CDP, California",132,42105,52508
"West Menlo Park CDP, California",1215,230438,350401
"Westminster city, California",27611,71108,100793
"West Modesto CDP, California",1534,49340,60764
"Westmont CDP, California",10536,44670,57672
"Westmorland city, California",488,33444,47419
"West Park CDP, California",276,67500,92381
"West Point CDP, California",272,60873,57657
"West Puente Valley CDP, California",5170,78095,93829
"West Rancho Dominguez CDP, California",6139,70391,90151
"West Sacramento city, California",18966,77393,102399
"Westside CDP, California",41,-,50798
"West Whittier-Los Nietos CDP, California",6891,83692,99015
"Westwood CDP, California",627,41597,49549
"Wheatland city, California",1263,72006,86519
"Whitehawk CDP, California",30,74063,65727
"Whitewater CDP, California",327,-,56336
"Whitley Gardens CDP, California",19,-,N
"Whitmore CDP, California",144,55625,72835
"Whittier city, California",27626,80306,102510
"Wildomar city, California",10880,81622,101768
"Wilkerson CDP, California",164,95000,95291
"Williams city, California",1520,78661,87041
"Williams Canyon CDP, California",7,-,N
"Willits city, California",2311,34519,54591
"Willowbrook CDP, California",5789,45700,61381
"Willow Creek CDP, California",559,76607,69291
"Willows city, California",1859,53250,63414
"Wilsonia CDP, California",0,-,-
"Wilton CDP, California",2048,149219,142305
"Winchester CDP, California",809,66269,72906
"Windsor town, California",9163,123277,138668
"Winter Gardens CDP, California",7727,79099,96543
"Winterhaven CDP, California",69,10494,7928
"Winters city, California",2340,90887,119481
"Winton CDP, California",3225,49940,62739
"Wofford Heights CDP, California",1123,30575,37148
"Woodacre CDP, California",604,125671,139316
"Woodbridge CDP, California",1520,117760,131866
"Woodcrest CDP, California",4749,119038,150540
"Woodlake city, California",2023,41532,53224
"Woodland city, California",20956,78279,97643
"Woodlands CDP, California",926,140500,152689
"Woodside town, California",1673,"250,000+",430036
"Woodville CDP, California",450,34565,46053
"Woodville Farm Labor Camp CDP, California",127,21705,26128
"Woody CDP, California",36,105909,96597
"Wrightwood CDP, California",1997,54240,96791
"Yankee Hill CDP, California",153,49107,70369
"Yermo CDP, California",444,52005,69579
"Yettem CDP, California",78,42500,45149
"Yolo CDP, California",105,85170,74386
"Yorba Linda city, California",22920,137011,176276
"Yosemite Lakes CDP, California",1865,87666,107806
"Yosemite Valley CDP, California",235,37674,44855
"Yosemite West CDP, California",16,-,130419
"Yountville city, California",1606,68611,111813
"Yreka city, California",3210,44444,63764
"Yuba City city, California",23398,64225,90362
"Yucaipa city, California",18197,75456,96414
"Yucca Valley town, California",8567,51978,75736
"Zayante CDP, California",286,131019,149757